<application>
  <component name="CPPToolchains" version="4">
    <toolchains detectedVersion="5">
      <toolchain name="WSL" toolSetKind="WSL" toolSetPath="C:\Users\awagu\AppData\Local\Microsoft\WindowsApps\ubuntu.exe" customCMakePath="\usr\bin\cmake" hostId="8ebc9607-dca5-4b01-8834-25b990718829" debuggerKind="CUSTOM_GDB" customGDBPath="\usr\bin\gdb" />
      <toolchain name="Visual Studio" toolSetKind="MSVC" toolSetPath="C:\Program Files (x86)\Microsoft Visual Studio\2019\Community" debuggerKind="BUNDLED_LLDB">
        <toolSetOption type="msvc.arch" value="x86" />
      </toolchain>
    </toolchains>
  </component>
</application>